{
  "welcomeFile": "/webapp/index.html",
  "routes": [
    {
      "path": "/resources",
      "target": {
        "type": "application",
        "name": "sapui5preview",
        "entryPath": "/resources",
        "version": "1.44.10"
      },
      "description": "SAPUI5 Resources"
    },
    {
      "path": "/bpmrulesruntime/rules-service",
      "target": {
        "type": "destination",
        "name": "bpmrulesruntime",
        "entryPath": "/rules-service"
      },
      "description": "CP Business Rules"
    },
    {
      "path": "/resources",
      "target": {
        "type": "service",
        "name": "sapui5",
        "entryPath": "/resources",
        "version": "1.44.10"
      },
      "description": "SAPUI5 Resources"
    },
    {
      "path": "/test-resources",
      "target": {
        "type": "application",
        "name": "sapui5preview",
        "entryPath": "/test-resources",
        "version": "1.44.10"
      },
      "description": "SAPUI5 Test Resources"
    },
    {
      "path": "/test-resources",
      "target": {
        "type": "service",
        "name": "sapui5",
        "entryPath": "/test-resources",
        "version": "1.44.10"
      },
      "description": "SAPUI5 Test Resources"
    }
  ],
  "sendWelcomeFileRedirect": true,
  "cacheControl": [
    {
      "directive": "private",
      "maxAge": 0,
      "path": "**.html"
    },
    {
      "directive": "private",
      "maxAge": 0,
      "path": "sap-ui-cachebuster-info.json"
    },
    {
      "directive": "public",
      "maxAge": 31536000
    }
  ]
}