[
	{
		"ProductId": "HT-1252",
		"Category": "Smartphones & Tablets",
		"MainCategory": "Smartphones & Tablets",
		"SupplierName": "Ultrasonic United",
		"Weight": "0.75",
		"WeightUnit": "KG",
		"ShortDescription": "6 inch 1280x800 HD display (216 ppi), Quad-core processor, 8 GB internal storage (actual formatted capacity will be less), 3050 mAh battery (Up to 8 hours of active use), grey or black",
		"Name": "Astro Phone 6",
		"PictureUrl": "img/product/HT-1252.jpg",
		"Status": "A",
		"Price": "649",
		"DimensionWidth": "8",
		"DimensionDepth": "6",
		"DimensionHeight": "1.5",
		"Unit": "cm",
		"CurrencyCode": "EUR"
	},
	{
		"ProductId": "HT-1256",
		"Category": "Smartphones & Tablets",
		"MainCategory": "Smartphones & Tablets",
		"SupplierName": "Ultrasonic United",
		"Weight": "0.75",
		"WeightUnit": "KG",
		"ShortDescription": "7 inch 1280x800 HD display (216 ppi), Quad-core processor, 16 GB internal storage (actual formatted capacity will be less), 4325 mAh battery (Up to 8 hours of active use), white or black",
		"Name": "Cerdik Phone 7",
		"PictureUrl": "img/product/HT-1256.jpg",
		"Status": "A",
		"Price": "549",
		"DimensionWidth": "9",
		"DimensionDepth": "15",
		"DimensionHeight": "1.5",
		"Unit": "cm",
		"CurrencyCode": "EUR"
	},
	{
		"ProductId": "HT-1257",
		"Category": "Smartphones & Tablets",
		"MainCategory": "Smartphones & Tablets",
		"SupplierName": "Ultrasonic United",
		"Weight": "2.8",
		"WeightUnit": "KG",
		"ShortDescription": "10.5-inch Multitouch HD Screen (1280 x 800), 16GB Internal Memory, Wireless N Wi-Fi; Bluetooth, GPS Enabled, 1GHz Dual-Core Processor",
		"Name": "Cepat Tablet 10.5",
		"PictureUrl": "img/product/HT-1257.jpg",
		"Status": "A",
		"Price": "549",
		"DimensionWidth": "48",
		"DimensionDepth": "31",
		"DimensionHeight": "4.5",
		"Unit": "cm",
		"CurrencyCode": "EUR"
	},
	{
		"ProductId": "HT-1258",
		"Category": "Smartphones & Tablets",
		"MainCategory": "Smartphones & Tablets",
		"SupplierName": "Ultrasonic United",
		"Weight": "2.5",
		"WeightUnit": "KG",
		"ShortDescription": "8-inch Multitouch HD Screen (2000 x 1500) 32GB Internal Memory, Wireless N Wi-Fi, Bluetooth, GPS Enabled, 1.5 GHz Quad-Core Processor",
		"Name": "Cepat Tablet 8",
		"PictureUrl": "img/product/HT-1258.jpg",
		"Status": "A",
		"Price": "529",
		"DimensionWidth": "38",
		"DimensionDepth": "21",
		"DimensionHeight": "3.5",
		"Unit": "cm",
		"CurrencyCode": "EUR"
	},
	{
		"ProductId": "HT-9992",
		"Category": "Smartphones & Tablets",
		"MainCategory": "Smartphones & Tablets",
		"SupplierName": "Ultrasonic United",
		"Weight": "0.75",
		"WeightUnit": "KG",
		"ShortDescription": "7 inch 1280x800 HD display (216 ppi), Quad-core processor, 16 GB internal storage (actual formatted capacity will be less), 4325 mAh battery (Up to 8 hours of active use), white or black",
		"Name": "Smartphone Alpha",
		"PictureUrl": "img/product/HT-9992.jpg",
		"Status": "A",
		"Price": "599",
		"DimensionWidth": "48",
		"DimensionDepth": "31",
		"DimensionHeight": "4.5",
		"Unit": "cm",
		"CurrencyCode": "EUR"
	},
	{
		"ProductId": "HT-9993",
		"Category": "Smartphones & Tablets",
		"MainCategory": "Smartphones & Tablets",
		"SupplierName": "Ultrasonic United",
		"Weight": "3.8",
		"WeightUnit": "KG",
		"ShortDescription": "7 inch 1280x800 HD display (216 ppi), Quad-core processor, 16 GB internal storage, 4325 mAh battery (Up to 8 hours of active use)",
		"Name": "Mini Tablet",
		"PictureUrl": "img/product/HT-9993.jpg",
		"Status": "A",
		"Price": "833",
		"DimensionWidth": "48",
		"DimensionDepth": "31",
		"DimensionHeight": "4.5",
		"Unit": "cm",
		"CurrencyCode": "EUR"
	},
	{
		"ProductId": "HT-9997",
		"Category": "Smartphones & Tablets",
		"MainCategory": "Smartphones & Tablets",
		"SupplierName": "Titanium",
		"Weight": "3.8",
		"WeightUnit": "KG",
		"ShortDescription": "6-Inch E Ink Screen, Access To e-book Store, Adjustable Font Styles and Sizes, Stores Up To 1,000 Books",
		"Name": "e-Book Reader ReadMe",
		"PictureUrl": "img/product/HT-9997.jpg",
		"Status": "A",
		"Price": "633",
		"DimensionWidth": "48",
		"DimensionDepth": "31",
		"DimensionHeight": "4.5",
		"Unit": "cm",
		"CurrencyCode": "EUR"
	},
	{
		"ProductId": "HT-9998",
		"Category": "Smartphones & Tablets",
		"MainCategory": "Smartphones & Tablets",
		"SupplierName": "Titanium",
		"Weight": "0.75",
		"WeightUnit": "KG",
		"ShortDescription": "5 Megapixel Camera, Wi-Fi 802.11 b/g/n, Bluetooth, GPS A-GPS support",
		"Name": "Smartphone Beta",
		"PictureUrl": "img/product/HT-9998.jpg",
		"Status": "A",
		"Price": "699",
		"DimensionWidth": "48",
		"DimensionDepth": "31",
		"DimensionHeight": "4.5",
		"Unit": "cm",
		"CurrencyCode": "EUR"
	},
	{
		"ProductId": "HT-9999",
		"Category": "Smartphones & Tablets",
		"MainCategory": "Smartphones & Tablets",
		"SupplierName": "Titanium",
		"Weight": "3.8",
		"WeightUnit": "KG",
		"ShortDescription": "10.1-inch Multitouch HD Screen (1280 x 800), 16GB Internal Memory, Wireless N Wi-Fi; Bluetooth, GPS Enabled, 1GHz Dual-Core Processor",
		"Name": "Maxi Tablet",
		"PictureUrl": "img/product/HT-9999.jpg",
		"Status": "A",
		"Price": "749",
		"DimensionWidth": "48",
		"DimensionDepth": "31",
		"DimensionHeight": "4.5",
		"Unit": "cm",
		"CurrencyCode": "EUR"
	},
	{
		"ProductId": "HT-6130",
		"Category": "Flat Screen TVs",
		"MainCategory": "TV, Video & HiFi",
		"SupplierName": "Very Best Screens",
		"Weight": "2.6",
		"WeightUnit": "KG",
		"ShortDescription": "32-inch, 1366x768 Pixel, 16:9, HDTV ready",
		"Name": "Flat TV HD32",
		"PictureUrl": "img/product/HT-6130.jpg",
		"Status": "A",
		"Price": "1459",
		"DimensionWidth": "78",
		"DimensionDepth": "22.1",
		"DimensionHeight": "55",
		"Unit": "cm",
		"CurrencyCode": "EUR"
	},
	{
		"ProductId": "HT-6131",
		"Category": "Flat Screen TVs",
		"MainCategory": "TV, Video & HiFi",
		"SupplierName": "Very Best Screens",
		"Weight": "2.2",
		"WeightUnit": "KG",
		"ShortDescription": "37-inch, 1366x768 Pixel, 16:9, HDTV ready",
		"Name": "Flat TV HD37",
		"PictureUrl": "img/product/HT-6131.jpg",
		"Status": "A",
		"Price": "1199",
		"DimensionWidth": "99.1",
		"DimensionDepth": "26",
		"DimensionHeight": "61",
		"Unit": "cm",
		"CurrencyCode": "EUR"
	},
	{
		"ProductId": "HT-6132",
		"Category": "Flat Screen TVs",
		"MainCategory": "TV, Video & HiFi",
		"SupplierName": "Very Best Screens",
		"Weight": "1.8",
		"WeightUnit": "KG",
		"ShortDescription": "41-inch, 1366x768 Pixel, 16:9, HDTV ready",
		"Name": "Flat TV HD41",
		"PictureUrl": "img/product/HT-6132.jpg",
		"Status": "A",
		"Price": "899",
		"DimensionWidth": "128",
		"DimensionDepth": "23",
		"DimensionHeight": "79.1",
		"Unit": "cm",
		"CurrencyCode": "EUR"
	},
	{
		"ProductId": "HT-1080",
		"Category": "Scanners",
		"MainCategory": "Printers and Scanners",
		"SupplierName": "Printer for All",
		"Weight": "2.3",
		"WeightUnit": "KG",
		"ShortDescription": "Flatbed scanner - 9.600 × 9.600 dpi - 216 x 297 mm - Hi-Speed USB - Bluetooth",
		"Name": "Photo Scan",
		"PictureUrl": "img/product/HT-1080.jpg",
		"Status": "A",
		"Price": "129",
		"DimensionWidth": "34",
		"DimensionDepth": "48",
		"DimensionHeight": "5",
		"Unit": "cm",
		"CurrencyCode": "EUR"
	},
	{
		"ProductId": "HT-1083",
		"Category": "Scanners",
		"MainCategory": "Printers and Scanners",
		"SupplierName": "Printer for All",
		"Weight": "3.2",
		"WeightUnit": "KG",
		"ShortDescription": "Flatbed scanner - A4 - 2400 dpi x 2400 dpi - 216 x 297 mm - add-on module",
		"Name": "Jet Scan Professional",
		"PictureUrl": "img/product/HT-1083.jpg",
		"Status": "A",
		"Price": "189",
		"DimensionWidth": "35",
		"DimensionDepth": "40",
		"DimensionHeight": "10",
		"Unit": "cm",
		"CurrencyCode": "EUR"
	},
	{
		"ProductId": "HT-1090",
		"Category": "Speakers",
		"MainCategory": "Computer Components",
		"SupplierName": "Speaker Experts",
		"Weight": "3",
		"WeightUnit": "KG",
		"ShortDescription": "PC multimedia speakers - 5 Watt (Total)",
		"Name": "Surround Sound",
		"PictureUrl": "img/product/HT-1090.jpg",
		"Status": "A",
		"Price": "39",
		"DimensionWidth": "12",
		"DimensionDepth": "10",
		"DimensionHeight": "16",
		"Unit": "cm",
		"CurrencyCode": "EUR"
	},
	{
		"ProductId": "HT-1091",
		"Category": "Speakers",
		"MainCategory": "Computer Components",
		"SupplierName": "Speaker Experts",
		"Weight": "1.4",
		"WeightUnit": "KG",
		"ShortDescription": "PC multimedia speakers - 10 Watt (Total) - 2-way",
		"Name": "Blaster Extreme",
		"PictureUrl": "img/product/HT-1091.jpg",
		"Status": "A",
		"Price": "26",
		"DimensionWidth": "13",
		"DimensionDepth": "11",
		"DimensionHeight": "17.5",
		"Unit": "cm",
		"CurrencyCode": "EUR"
	},
	{
		"ProductId": "HT-1092",
		"Category": "Speakers",
		"MainCategory": "Computer Components",
		"SupplierName": "Speaker Experts",
		"Weight": "2.1",
		"WeightUnit": "KG",
		"ShortDescription": "PC multimedia speakers - optimized for Blutooth/A2DP",
		"Name": "Sound Booster",
		"PictureUrl": "img/product/HT-1092.jpg",
		"Status": "A",
		"Price": "45",
		"DimensionWidth": "12.4",
		"DimensionDepth": "10.4",
		"DimensionHeight": "18.1",
		"Unit": "cm",
		"CurrencyCode": "EUR"
	},
	{
		"ProductId": "HT-1115",
		"Category": "Telecommunication",
		"MainCategory": "Computer Components",
		"SupplierName": "Red Point Stores",
		"Weight": "0.45",
		"WeightUnit": "KG",
		"ShortDescription": "Wireless DSL Router (available in blue, black and silver)",
		"Name": "Wireless DSL Router",
		"PictureUrl": "img/product/HT-1115.jpg",
		"Status": "O",
		"Price": "49",
		"DimensionWidth": "19.3",
		"DimensionDepth": "18",
		"DimensionHeight": "5",
		"Unit": "cm",
		"CurrencyCode": "EUR"
	},
	{
		"ProductId": "HT-1116",
		"Category": "Telecommunication",
		"MainCategory": "Computer Components",
		"SupplierName": "Red Point Stores",
		"Weight": "0.45",
		"WeightUnit": "KG",
		"ShortDescription": "Wireless DSL Router / Repeater (available in blue, black and silver)",
		"Name": "Wireless DSL Router / Repeater",
		"PictureUrl": "img/product/HT-1116.jpg",
		"Status": "A",
		"Price": "59",
		"DimensionWidth": "19.3",
		"DimensionDepth": "18",
		"DimensionHeight": "5",
		"Unit": "cm",
		"CurrencyCode": "EUR"
	},
	{
		"ProductId": "HT-1117",
		"Category": "Telecommunication",
		"MainCategory": "Computer Components",
		"SupplierName": "Technocom",
		"Weight": "0.45",
		"WeightUnit": "KG",
		"ShortDescription": "Wireless DSL Router / Repeater and Print Server (available in blue, black and silver)",
		"Name": "Wireless DSL Router / Repeater and Print Server",
		"PictureUrl": "img/product/HT-1117.jpg",
		"Status": "O",
		"Price": "69",
		"DimensionWidth": "19.3",
		"DimensionDepth": "18",
		"DimensionHeight": "5",
		"Unit": "cm",
		"CurrencyCode": "EUR"
	},
	{
		"ProductId": "HT-1137",
		"Category": "Flat Screens",
		"MainCategory": "Computer Components",
		"SupplierName": "Technocom",
		"Weight": "18",
		"WeightUnit": "KG",
		"ShortDescription": "Optimum Hi-Resolution max. 2048 × 1536 @ 85Hz, Dot Pitch: 0.24mm",
		"Name": "Flat XXL",
		"PictureUrl": "img/product/HT-1137.jpg",
		"Status": "A",
		"Price": "1430",
		"DimensionWidth": "54",
		"DimensionDepth": "22",
		"DimensionHeight": "38",
		"Unit": "cm",
		"CurrencyCode": "EUR"
	},{
		"ProductId": "HT-1254",
		"Category": "Flat Screens",
		"MainCategory": "Computer Components",
		"SupplierName": "Ultrasonic United",
		"Weight": "15",
		"WeightUnit": "KG",
		"ShortDescription": "Optimum Hi-Resolution Widescreen max. 1920 x 1080 @ 85Hz, Dot Pitch: 0.27mm, HDMI, D-Sub",
		"Name": "Bending Screen 21HD",
		"PictureUrl": "img/product/HT-1254.jpg",
		"Status": "A",
		"Price": "250",
		"DimensionWidth": "37",
		"DimensionDepth": "12",
		"DimensionHeight": "36",
		"Unit": "cm",
		"CurrencyCode": "EUR"
	},
	{
		"ProductId": "HT-1255",
		"Category": "Flat Screens",
		"MainCategory": "Computer Components",
		"SupplierName": "Ultrasonic United",
		"Weight": "16",
		"WeightUnit": "KG",
		"ShortDescription": "Optimum Hi-Resolution Widescreen max. 2048 x 1080 @ 85Hz, Dot Pitch: 0.27mm, HDMI, D-Sub",
		"Name": "Broad Screen 22HD",
		"PictureUrl": "img/product/HT-1255.jpg",
		"Status": "O",
		"Price": "270",
		"DimensionWidth": "39",
		"DimensionDepth": "12",
		"DimensionHeight": "38",
		"Unit": "cm",
		"CurrencyCode": "EUR"
	},
	{
		"ProductId": "HT-1063",
		"Category": "Keyboards",
		"MainCategory": "Computer Components",
		"SupplierName": "Oxynum",
		"Weight": "2.1",
		"WeightUnit": "KG",
		"ShortDescription": "Ergonomic USB Keyboard for Desktop, Plug&Play",
		"Name": "Ergonomic Keyboard",
		"PictureUrl": "img/product/HT-1063.jpg",
		"Status": "D",
		"Price": "14",
		"DimensionWidth": "50",
		"DimensionDepth": "21",
		"DimensionHeight": "3.5",
		"Unit": "cm",
		"CurrencyCode": "EUR"
	},
	{
		"ProductId": "HT-1064",
		"Category": "Keyboards",
		"MainCategory": "Computer Components",
		"SupplierName": "Oxynum",
		"Weight": "1.8",
		"WeightUnit": "KG",
		"ShortDescription": "Corded Keyboard with special keys for Internet Usability, USB",
		"Name": "Internet Keyboard",
		"PictureUrl": "img/product/HT-1064.jpg",
		"Status": "A",
		"Price": "16",
		"DimensionWidth": "52",
		"DimensionDepth": "25",
		"DimensionHeight": "3",
		"Unit": "cm",
		"CurrencyCode": "EUR"
	},
	{
		"ProductId": "HT-1065",
		"Category": "Keyboards",
		"MainCategory": "Computer Components",
		"SupplierName": "Oxynum",
		"Weight": "2.3",
		"WeightUnit": "KG",
		"ShortDescription": "Corded Ergonomic Keyboard with special keys for Media Usability, USB",
		"Name": "Media Keyboard",
		"PictureUrl": "img/product/HT-1065.jpg",
		"Status": "A",
		"Price": "26",
		"DimensionWidth": "51.4",
		"DimensionDepth": "23",
		"DimensionHeight": "4",
		"Unit": "cm",
		"CurrencyCode": "EUR"
	},
	{
		"ProductId": "HT-1120",
		"Category": "Keyboards",
		"MainCategory": "Computer Components",
		"SupplierName": "Technocom",
		"Weight": "1",
		"WeightUnit": "KG",
		"ShortDescription": "Cordless Bluetooth Keyboard with English keys",
		"Name": "Cordless Bluetooth Keyboard, english international",
		"PictureUrl": "img/product/HT-1120.jpg",
		"Status": "A",
		"Price": "29",
		"DimensionWidth": "51.4",
		"DimensionDepth": "23",
		"DimensionHeight": "4",
		"Unit": "cm",
		"CurrencyCode": "EUR"
	},
	{
		"ProductId": "HT-1060",
		"Category": "Mice",
		"MainCategory": "Computer Components",
		"SupplierName": "Oxynum",
		"Weight": "0.09",
		"WeightUnit": "KG",
		"ShortDescription": "Cordless Optical USB MI, Laptop, Color: Black, Plug&Play",
		"Name": "Cordless Mouse",
		"PictureUrl": "img/product/HT-1060.jpg",
		"Status": "O",
		"Price": "9",
		"DimensionWidth": "6",
		"DimensionDepth": "14.5",
		"DimensionHeight": "3.5",
		"Unit": "cm",
		"CurrencyCode": "EUR"
	},
	{
		"ProductId": "HT-1061",
		"Category": "Mice",
		"MainCategory": "Computer Components",
		"SupplierName": "Oxynum",
		"Weight": "0.09",
		"WeightUnit": "KG",
		"ShortDescription": "Optical USB, PS/2 Mouse, Color: Blue, 3-button-functionality (incl. Scroll wheel)",
		"Name": "Speed Mouse",
		"PictureUrl": "img/product/HT-1061.jpg",
		"Status": "D",
		"Price": "7",
		"DimensionWidth": "7",
		"DimensionDepth": "15",
		"DimensionHeight": "3.1",
		"Unit": "cm",
		"CurrencyCode": "EUR"
	},
	{
		"ProductId": "HT-1062",
		"Category": "Mice",
		"MainCategory": "Computer Components",
		"SupplierName": "Oxynum",
		"Weight": "0.03",
		"WeightUnit": "KG",
		"ShortDescription": "Optical USB Mouse, Color: Red, 5-button-functionality(incl. Scroll wheel), Plug&Play",
		"Name": "Track Mouse",
		"PictureUrl": "img/product/HT-1062.jpg",
		"Status": "O",
		"Price": "11",
		"DimensionWidth": "3",
		"DimensionDepth": "7",
		"DimensionHeight": "4",
		"Unit": "cm",
		"CurrencyCode": "EUR"
	},
	{
		"ProductId": "HT-1066",
		"Category": "Mice",
		"MainCategory": "Computer Components",
		"SupplierName": "Oxynum",
		"Weight": "80",
		"WeightUnit": "G",
		"ShortDescription": "Nice mouse pad with ITelO Logo",
		"Name": "Mousepad",
		"PictureUrl": "img/product/HT-1066.jpg",
		"Status": "A",
		"Price": "6.99",
		"DimensionWidth": "15",
		"DimensionDepth": "6",
		"DimensionHeight": "0.2",
		"Unit": "cm",
		"CurrencyCode": "EUR"
	},
	{
		"ProductId": "HT-1138",
		"Category": "Mice",
		"MainCategory": "Computer Components",
		"SupplierName": "Technocom",
		"Weight": "0.02",
		"WeightUnit": "KG",
		"ShortDescription": "Portable pocket Mouse with retracting cord",
		"Name": "Pocket Mouse",
		"PictureUrl": "img/product/HT-1138.jpg",
		"Status": "A",
		"Price": "23",
		"DimensionWidth": "0.3",
		"DimensionDepth": "0.5",
		"DimensionHeight": "1",
		"Unit": "cm",
		"CurrencyCode": "EUR"
	},
	{
		"ProductId": "HT-1070",
		"Category": "Graphics Card",
		"MainCategory": "Computer Components",
		"SupplierName": "Ultrasonic United",
		"Weight": "0.255",
		"WeightUnit": "KG",
		"ShortDescription": "Proctra X: PCI-E GDDR5 3072MB",
		"Name": "Proctra X",
		"PictureUrl": "img/product/HT-1070.jpg",
		"Status": "A",
		"Price": "70.9",
		"DimensionWidth": "22",
		"DimensionDepth": "35",
		"DimensionHeight": "17",
		"Unit": "cm",
		"CurrencyCode": "EUR"
	},
	{
		"ProductId": "HT-1072",
		"Category": "Graphics Card",
		"MainCategory": "Computer Components",
		"SupplierName": "Ultrasonic United",
		"Weight": "0.4",
		"WeightUnit": "KG",
		"ShortDescription": "Hurricane GX: PCI-E 691 GFLOPS game-optimized",
		"Name": "Hurricane GX",
		"PictureUrl": "img/product/HT-1072.jpg",
		"Status": "A",
		"Price": "101.2",
		"DimensionWidth": "22",
		"DimensionDepth": "35",
		"DimensionHeight": "17",
		"Unit": "cm",
		"CurrencyCode": "EUR"
	},
	{
		"ProductId": "HT-1100",
		"Category": "Software",
		"MainCategory": "Software",
		"SupplierName": "Technocom",
		"Weight": "1.2",
		"WeightUnit": "KG",
		"ShortDescription": "Complete package, 1 User, Office Applications (word processing, spreadsheet, presentations)",
		"Name": "Smart Office",
		"PictureUrl": "img/product/HT-1100.jpg",
		"Status": "D",
		"Price": "89.9",
		"DimensionWidth": "15",
		"DimensionDepth": "6.5",
		"DimensionHeight": "2.1",
		"Unit": "cm",
		"CurrencyCode": "EUR"
	},
	{
		"ProductId": "HT-1101",
		"Category": "Software",
		"MainCategory": "Software",
		"SupplierName": "Technocom",
		"Weight": "0.8",
		"WeightUnit": "KG",
		"ShortDescription": "Complete package, 1 User, Image editing, processing",
		"Name": "Smart Design",
		"PictureUrl": "img/product/HT-1101.jpg",
		"Status": "O",
		"Price": "79.9",
		"DimensionWidth": "14",
		"DimensionDepth": "6.7",
		"DimensionHeight": "24",
		"Unit": "cm",
		"CurrencyCode": "EUR"
	},
	{
		"ProductId": "HT-1102",
		"Category": "Software",
		"MainCategory": "Software",
		"SupplierName": "Technocom",
		"Weight": "0.8",
		"WeightUnit": "KG",
		"ShortDescription": "Complete package, 1 User, Network Software Utilities, Useful Applications and Documentation",
		"Name": "Smart Network",
		"PictureUrl": "img/product/HT-1102.jpg",
		"Status": "A",
		"Price": "69",
		"DimensionWidth": "16",
		"DimensionDepth": "6",
		"DimensionHeight": "27",
		"Unit": "cm",
		"CurrencyCode": "EUR"
	},
	{
		"ProductId": "HT-1103",
		"Category": "Software",
		"MainCategory": "Software",
		"SupplierName": "Technocom",
		"Weight": "0.8",
		"WeightUnit": "KG",
		"ShortDescription": "Complete package, 1 User, different Multimedia applications, playing music, watching DVDs, only with this Smart package",
		"Name": "Smart Multimedia",
		"PictureUrl": "img/product/HT-1103.jpg",
		"Status": "A",
		"Price": "77",
		"DimensionWidth": "11",
		"DimensionDepth": "3.4",
		"DimensionHeight": "22",
		"Unit": "cm",
		"CurrencyCode": "EUR"
	}
	
]