[
  {
    "ProductId": "HT-6132",
    "Type": "Promoted"
  },
  {
    "ProductId": "HT-1256",
    "Type": "Promoted"
  },
  {
    "ProductId": "HT-1258",
    "Type": "Promoted"
  },
  {
    "ProductId": "HT-6130",
    "Type": "Promoted"
  },
  {
    "ProductId": "HT-9992",
    "Type": "Promoted"
  },
  {
    "ProductId": "HT-1255",
    "Type": "Viewed"
  },
  {
    "ProductId": "HT-6132",
    "Type": "Viewed"
  },
  {
    "ProductId": "HT-1117",
    "Type": "Viewed"
  },
  {
    "ProductId": "HT-9997",
    "Type": "Viewed"
  },
  {
    "ProductId": "HT-1072",
    "Type": "Favorite"
  },
  {
    "ProductId": "HT-6131",
    "Type": "Favorite"
  },
  {
    "ProductId": "HT-6132",
    "Type": "Favorite"
  },
  {
    "ProductId": "HT-1072",
    "Type": "Favorite"
  }
]