id,customer_id,tariff_id,description,duration,start_date,termination_date,suspension_date,contract_status,amount_outstanding,amount_in_arrears,days_in_arrears,handset_upgrade,handset_upgrade_option,handset,bundled_extra_id,proposed_tariff_id
C00001,001,T00004,Voice,24,2012-09-02 00:00:00.000,2014-09-01 00:00:00.000,,Active,72,0,0,Y,Band 3,Smart,001,T00005
C00002,002,T00003,Voice,24,2012-08-03 00:00:00.000,2014-08-02 00:00:00.000,,Active,15,0,0,Y,Band 2,Smart,002,T00006
C00003,003,T00006,Broadband,24,2014-02-28 00:00:00.000,2016-02-27 00:00:00.000,,Active,137,76,5,Y,Band 2,Smart,003,T00007
C00004,004,T00002,Voice,18,2013-10-13 00:00:00.000,2015-04-13 00:00:00.000,2014-06-07 00:00:00.000,Suspended,133,120,33,Y,Band 3,Smart,004,T00004
C00005,005,T00007,Broadband,24,2012-08-09 00:00:00.000,2014-08-08 00:00:00.000,,Active,25,0,0,Y,Band 1,Multimedia,005,T00008
C00006,006,T00008,Voice,24,2014-07-08 00:00:00.000,2016-07-07 00:00:00.000,,Active,2,0,0,Y,Band 1,Smart,006,T00008
C00007,007,T00003,Voice,24,2012-07-10 00:00:00.000,2014-07-09 00:00:00.000,2014-07-09 00:00:00.000,Closed,0,0,0,Y,Band 3,Smart,007,T00005
