id,full_name,first_name,last_name,country,region,city,email,phone,birthdate,gender,is_married,no_children,has_child_over_18,credit_rating,customer_since
001,John Rogers,John,Rogers,UK,SE,London,john.rogers@sap.com,0815443968,1982-10-05 00:00:00.000,M,1,2,0,3,2012-04-04 00:00:00.000
002,Jane Cove,Jane,Cove,UK,SE,London,jane.cove@sap.com,0815477632,1991-04-21 00:00:00.000,F,1,1,0,2,2008-05-22 00:00:00.000
003,James Doherty,James,Doherty,UK,CE,Birmingham,james.doherty@sap.com,0215488832,1965-02-28 00:00:00.000,M,0,0,0,5,2013-12-02 00:00:00.000
004,Joanna Merchant,Joanna,Merchant,UK,NE,Liverpool,joanna.merchant@sap.com,0615887744,1985-03-21 00:00:00.000,F,1,4,0,1,2010-02-12 00:00:00.000
005,Emma Craig,Emma,Craig,UK,NW,Blackpool,emma.craig@sap.com,0415433881,1972-06-18 00:00:00.000,F,1,1,1,5,2011-03-01 00:00:00.000
006,John Gooding,John,Gooding,UK,SE,Southampton,john.gooding@sap.com,0375266621,1975-08-19 00:00:00.000,M,1,1,1,5,2011-01-05 00:00:00.000
007,Simon Caulker,Simon,Caulker,UK,CE,West Bromwich,simon.caulker@sap.com,0218776332,1956-02-12 00:00:00.000,M,0,0,0,0,2014-03-25 00:00:00.000
