id,description,voice_minutes,SMS_limit,MMS_limit,data_allowance,broadband_limit,tariff_grade,cost_per_month,annual_cost,repair_contract_cost
T00001,Light Usage Voice,120,100,5,2,,Basic,10,120,3
T00002,Regular Usage Voice,300,150,15,2,,Intermediate,14,168,5
T00003,Heavy Usage Voice,500,500,50,25,,Premium,22,264,7
T00004,Fibre Optic 20GB,,,,,20,Basic,15,180,5
T00005,Fibre Optic 40GB,,,,,40,Intermediate,20,240,7
T00006,Fibre Optic 80GB,,,,,80,Intermediate+,25,300,9
T00007,Fibre Optic 120GB,,,,,120,Premium,30,360,13
T00008,Superfast Voice+Data,1000,1000,1000,200,200,Ultra,45,540,17
