{
	"welcomeFile": "/webapp/index.html",
	"routes": [{
			"path": "/resources",
			"target": {
				"type": "application",
				"name": "sapui5preview",
				"entryPath": "/resources"
			},
			"description": "SAPUI5 Resources"
		}, {
			"path": "/resources",
			"target": {
				"type": "service",
				"name": "sapui5",
				"entryPath": "/resources"
			},
			"description": "SAPUI5 Resources"
		}, {
			"path": "/test-resources",
			"target": {
				"type": "application",
				"name": "sapui5preview",
				"entryPath": "/test-resources"
			},
			"description": "SAPUI5 Test Resources"
		}, {
			"path": "/test-resources",
			"target": {
				"type": "service",
				"name": "sapui5",
				"entryPath": "/test-resources"
			},
			"description": "SAPUI5 Test Resources"
		}, {
			"path": "/bpmrulesrepository",
			"target": {
				"type": "destination",
				"name": "bpmrulesrepository",
				"entryPath": "/rules-service"
			},
			"description": "backend destination for rules repository access "
		}, {
			"path": "/bpmrulesruntime",
			"target": {
				"type": "destination",
				"name": "bpmrulesruntime",
				"entryPath": "/rules-service"
			},
			"description": "backend destination for rules bpmrulesruntime access "
		}

	],
	"sendWelcomeFileRedirect": true,
	"cacheControl": [{
		"directive": "private",
		"maxAge": 0,
		"path": "**.html"
	}, {
		"directive": "private",
		"maxAge": 0,
		"path": "sap-ui-cachebuster-info.json"
	}, {
		"directive": "public",
		"maxAge": 31536000
	}]
}