{
    "welcomeFile": "/index.html",
    "authenticationMethod": "route",
    "logout": {
        "logoutEndpoint": "/do/logout"
    },
    "routes": [
        {
            "source": "^/bpmrulesruntime/(.*)$",
            "target": "/$1",
            "service": "com.sap.bpm.rule",
            "endpoint": "rule_runtime_url",
            "authenticationType": "xsuaa"
        },
        {
            "source": "^/resources/(.*)$",
            "target": "/resources/$1",
            "authenticationType": "none",
            "destination": "ui5"
        },
        {
            "source": "^/test-resources/(.*)$",
            "target": "/test-resources/$1",
            "authenticationType": "none",
            "destination": "ui5"
        },
        {
            "source": "^(.*)$",
            "target": "$1",
            "service": "html5-apps-repo-rt",
            "authenticationType": "xsuaa"
        }
    ]
}